Game ID,Game Played,Player,Position,At Bats,Runs,RBI,1B,2B,3B,HR,BB,Hits,Strikeouts,Put Outs,Assists,Batting Avg,On Base %,Slugging
1-1,1.00,Nathan,6,3,1,,,1,,,,1,,1,2,0.333,0.333,0.667
1-1,1.00,Leah,5,2,1,2,,2,,,,2,,2,4,1.000,1.000,2.000
1-1,1.00,Sanjay,1,3,,,,1,,,,1,,1,,0.333,0.333,0.667
1-1,1.00,Hannah,9,2,,1,2,,,,,2,,,,1.000,1.000,1.000
1-1,1.00,Quin,3,2,,,,,,,,0,,8,1,0.000,0.000,0.000
1-1,1.00,Morgan,4,2,,,,,,,,0,1,,1,0.000,0.000,0.000
1-1,1.00,Jeremy,10,2,,,1,,,,,1,,,,0.500,0.500,0.500
1-1,1.00,Taylor,8,2,,,,,,,,0,,1,,0.000,0.000,0.000
1-1,1.00,Cole,7,2,,,,,,,,0,1,,,0.000,0.000,0.000
1-1,1.00,Sarah,2,1,,,,,,,,0,,,,0.000,0.000,0.000
1-1,1.00,Lindsey,,2,1,,1,,,,,1,,,,0.500,0.500,0.500
1-1,1.00,Ella,,2,,,1,,,,,1,1,,,0.500,0.500,0.500
1-2,1.00,Nathan,1,4,3,2,2,,,1,,3,,4,3,0.750,0.750,1.500
1-2,1.00,Leah,5,2,,,1,,,,,1,,2,2,0.500,0.500,0.500
1-2,1.00,Sanjay,"3, 6",4,,,2,,,,,2,,5,1,0.500,0.500,0.500
1-2,1.00,Hannah,,3,,2,1,,,,,1,1,,,0.333,0.333,0.333
1-2,1.00,Quin,"6, 3",4,,,2,,,,,2,1,8,1,0.500,0.500,0.500
1-2,1.00,Morgan,4,3,,,1,,,,1,1,1,,1,0.333,0.500,0.333
1-2,1.00,Jeremy,10,2,,,,,,,,0,,,,0.000,0.000,0.000
1-2,1.00,Taylor,9,2,1,,2,,,,,2,,,,1.000,1.000,1.000
1-2,1.00,Cole,7,2,,,,,,,1,0,,1,,0.000,0.333,0.000
1-2,1.00,Sarah,,2,,,1,,,,,1,,,,0.500,0.500,0.500
1-2,1.00,Lindsey,8,2,,,1,,,,,1,1,,,0.500,0.500,0.500
1-2,1.00,Ella,2,2,,,,,,,,0,1,,,0.000,0.000,0.000
3-1,1.00,Aaron,1,4,1,,3,,,,,3,1,1,,0.750,0.750,0.750
3-1,1.00,Taylor,,2,,,,,,,,0,,,,0.000,0.000,0.000
3-1,1.00,Quin,3,3,,,,,,,,0,,4,,0.000,0.000,0.000
3-1,1.00,Leah,5,2,,,,1,,,,1,,3,3,0.500,0.500,1.000
3-1,1.00,Jeremy,7,1,2,,,1,,,2,1,,,,1.000,1.000,2.000
3-1,1.00,Ella,9,1,,1,,,,,1,0,,,,0.000,0.500,0.000
3-1,1.00,Nathan,6,3,,3,1,,,,,1,,4,3,0.333,0.333,0.333
3-1,1.00,Sarah,2,2,,,,,,,,0,,,,0.000,0.000,0.000
3-1,1.00,Morgan,4-10,2,1,,1,,,,,1,,,,0.500,0.500,0.500
3-1,1.00,Hannah,,2,,,,,,,,0,,,,0.000,0.000,0.000
3-1,1.00,Laura,,2,,,1,,,,,1,1,,,0.500,0.500,0.500
3-1,1.00,Lindsey,10-4,1,,,,,,,,0,,,,0.000,0.000,0.000
3-2,1.00,Lindsey,4,2,0,0,,,,,,0,,,,0.000,0.000,0.000
3-2,1.00,Quin,3,3,0,0,1,,,,,1,1,7,1,0.333,0.333,0.333
3-2,1.00,Morgan,4,2,0,0,1,,,,,1,,,,0.500,0.500,0.500
3-2,1.00,Jeremy,8,3,0,0,1,,,,,1,1,,,0.333,0.333,0.333
3-2,1.00,Taylor,10,2,0,0,1,,,,,1,,,,0.500,0.500,0.500
3-2,1.00,Nathan,6,2,1,2,1,,,1,,2,,4,6,1.000,1.000,2.500
3-2,1.00,Leah,5,1,0,0,1,,,,,1,,2,,1.000,1.000,1.000
3-2,1.00,Aaron,1,2,0,0,1,,,,,1,,,1,0.500,0.500,0.500
3-2,1.00,Ella,7,1,,,,,,,,0,,,,0.000,0.000,0.000
3-2,1.00,Sarah,2,1,,,,,,,,0,,,,0.000,0.000,0.000
3-2,1.00,Hannah,9,1,1,0,1,,,,,1,,1,,1.000,1.000,1.000
3-2,1.00,Laura,,1,,,,,,,,0,1,,,0.000,0.000,0.000
4-1,1.00,Leah,5,3,0,0,,,,,,0,,5,3,0.000,0.000,0.000
4-1,1.00,Aaron,1,3,1,0,2,,,,,2,,,2,0.667,0.667,0.667
4-1,1.00,Morgan,4,3,,,1,,,,,1,1,,,0.333,0.333,0.333
4-1,1.00,Sanjay,10,3,0,1,,,1,,,1,,2,2,0.333,0.333,1.000
4-1,1.00,Taylor,9,3,,,1,,,,,1,,,,0.333,0.333,0.333
4-1,1.00,Nathan,6,3,,,2,,,,,2,,2,3,0.667,0.667,0.667
4-1,1.00,Lindsey,7,3,,,2,,,,,2,,,,0.667,0.667,0.667
4-1,1.00,Dan,8,1,,,,,,,,0,,1,,0.000,0.000,0.000
4-1,1.00,Ella,2,2,,,,,,,,0,1,1,,0.000,0.000,0.000
4-1,1.00,Jeremy,,1,2,,1,,,,1,1,,1,,1.000,1.000,1.000
4-1,1.00,Sarah,,2,,,2,,,,,2,,,,1.000,1.000,1.000
4-1,1.00,Quin,3,2,0,2,2,,,,,2,,8,,1.000,1.000,1.000
4-1,1.00,Hannah,,2,,,1,,,,,1,1,,,0.500,0.500,0.500
4-1,1.00,Cole,,2,,,1,,,,,1,,1,,0.500,0.500,0.500
4-2,1.00,Nathan,6-1,2,1,1,1,,,1,,2,,4,2,1.000,1.000,2.500
4-2,1.00,Lindsey,7,2,,,,,,,,0,1,,,0.000,0.000,0.000
4-2,1.00,Dan,8,2,,,2,,,,,2,,2,,1.000,1.000,1.000
4-2,1.00,Ella,2,2,,,1,,,,,1,,,,0.500,0.500,0.500
4-2,1.00,Jeremy,10,2,,,1,,,,,1,,1,,0.500,0.500,0.500
4-2,1.00,Sarah,,2,,,,,,,,0,,,,0.000,0.000,0.000
4-2,1.00,Quin,3,2,,,2,,,,,2,,2,,1.000,1.000,1.000
4-2,1.00,Hannah,9,2,,,1,,,,,1,,,,0.500,0.500,0.500
4-2,1.00,Cole,,2,,,1,,,,,1,,,,0.500,0.500,0.500
4-2,1.00,Leah,5,1,1,,1,,,,,1,,2,,1.000,1.000,1.000
4-2,1.00,Aaron,,1,,,1,,,,,1,,,,1.000,1.000,1.000
4-2,1.00,Morgan,4,2,,,,,,,,0,1,1,2,0.000,0.000,0.000
4-2,1.00,Sanjay,1-6,2,0,1,1,,,,,1,,2,,0.500,0.500,0.500
4-2,1.00,Taylor,,2,,,1,,,,,1,1,,,0.500,0.500,0.500
5-1,1.00,Leah,5,3,,,,,1,,,1,,1,,0.333,0.333,1.000
5-1,1.00,Aaron,1,2,,,1,,,,1,1,,2,1,0.500,0.667,0.500
5-1,1.00,Taylor,7,3,1,,2,,,,,2,,,,0.667,0.667,0.667
5-1,1.00,Sanjay,8,3,1,,2,,,,,2,,2,1,0.667,0.667,0.667
5-1,1.00,Hannah,9,3,1,,1,,,,,1,,,,0.333,0.333,0.333
5-1,1.00,Nathan,6,3,1,2,1,,,,,1,1,2,4,0.333,0.333,0.333
5-1,1.00,Morgan,4,3,,,1,,,,,1,,1,,0.333,0.333,0.333
5-1,1.00,Jeremy,10,3,1,1,2,,,,,2,1,,,0.667,0.667,0.667
5-1,1.00,Lindsey,2,3,0,1,1,,,,,1,,,,0.333,0.333,0.333
5-1,1.00,Quin,3,2,0,1,1,,,,,1,,5,,0.500,0.500,0.500
5-2,1.00,Leah,5,3,,,1,,,,,1,,2,,0.333,0.333,0.333
5-2,1.00,Aaron,1,2,1,,1,,,,1,1,,,1,0.500,0.667,0.500
5-2,1.00,Taylor,2,3,,,2,,,,,2,,,1,0.667,0.667,0.667
5-2,1.00,Sanjay,6,3,0,1,2,,,,,2,,3,3,0.667,0.667,0.667
5-2,1.00,Hannah,9,2,1,,1,,,,,1,,1,,0.500,0.500,0.500
5-2,1.00,Nathan,8,3,1,3,1,,,1,,2,,4,,0.667,0.667,1.667
5-2,1.00,Morgan,4,2,,,,,,,,0,1,,4,0.000,0.000,0.000
5-2,1.00,Jeremy,10,3,,,1,,,,,1,,1,,0.333,0.333,0.333
5-2,1.00,Lindsey,7,1,,,1,,,,,1,,,,1.000,1.000,1.000
5-2,1.00,Quin,3,1,1,,1,,,,1,1,,7,,1.000,1.000,1.000
6,1.00,Leah,5,2,,,,,,,,0,,,4,0.000,0.000,0.000
6,1.00,Aaron,1,3,,,1,,,,,1,2,,,0.333,0.333,0.333
6,1.00,Morgan,4,2,,,2,,,,,2,,,,1.000,1.000,1.000
6,1.00,Sanjay,3,2,,,,,,,,0,,8,,0.000,0.000,0.000
6,1.00,Lindsey,7,2,,,1,,,,,1,,,1,0.500,0.500,0.500
6,1.00,Nathan,6,2,1,,1,1,,,,2,,3,3,1.000,1.000,1.500
6,1.00,Taylor,,2,,,,,,,,0,,,,0.000,0.000,0.000
6,1.00,Dan,8,2,0,1,1,,,,,1,1,1,,0.500,0.500,0.500
6,1.00,Ella,2,2,,,,,,,,0,,,,0.000,0.000,0.000
6,1.00,Cole,9,1,,,,,,,1,0,,,,0.000,0.500,0.000
6,1.00,Hannah,10,1,,,1,,,,,1,,1,,1.000,1.000,1.000
6,1.00,Sarah,,1,,,,,,,,0,1,,,0.000,0.000,0.000
